name,number,Name,AttendDate,Hours Attended
Thor Odinson,WEB 1000,Programming Fundamentals,1/8/24,4.00
Thor Odinson,WEB 1000,Programming Fundamentals,1/9/24,4.00
Thor Odinson,WEB 1000,Programming Fundamentals,1/10/24,4.00
Thor Odinson,WEB 1000,Programming Fundamentals,1/11/24,4.00
Thor Odinson,WEB 1000,Programming Fundamentals,1/12/24,0.00
Thor Odinson,WEB 1000,Programming Fundamentals,1/16/24,4.00
Thor Odinson,WEB 1000,Programming Fundamentals,1/17/24,3.00
Thor Odinson,WEB 1000,Programming Fundamentals,1/18/24,4.00
Thor Odinson,WEB 1000,Programming Fundamentals,1/19/24,4.00
Thor Odinson,WEB 1000,Programming Fundamentals,1/22/24,4.00
Thor Odinson,WEB 1000,Programming Fundamentals,1/23/24,4.00
Thor Odinson,WEB 1000,Programming Fundamentals,1/24/24,4.00
Thor Odinson,WEB 1000,Programming Fundamentals,1/25/24,4.00
Thor Odinson,WEB 1000,Programming Fundamentals,1/26/24,4.00
Thor Odinson,WEB 1000,Programming Fundamentals,1/29/24,4.00
Thor Odinson,WEB 1000,Programming Fundamentals,1/30/24,4.00
Thor Odinson,WEB 1000,Programming Fundamentals,1/31/24,4.00
Thor Odinson,WEB 1000,Programming Fundamentals,2/1/24,4.00
Thor Odinson,WEB 1000,Programming Fundamentals,2/2/24,3.00
Thor Odinson,WEB 1000,Programming Fundamentals,2/5/24,0.00
Thor Odinson,WEB 1000,Programming Fundamentals,2/6/24,0.00
Thor Odinson,WEB 1000,Programming Fundamentals,2/7/24,0.00
Thor Odinson,WEB 1000,Programming Fundamentals,2/8/24,4.00
Thor Odinson,WEB 1000,Programming Fundamentals,2/9/24,4.00
Thor Odinson,WEB 1000,Programming Fundamentals,2/12/24,4.00
Thor Odinson,WEB 1000,Programming Fundamentals,2/13/24,3.00
Thor Odinson,WEB 1000,Programming Fundamentals,2/14/24,4.00
Thor Odinson,WEB 1000,Programming Fundamentals,2/15/24,4.00
Thor Odinson,WEB 1000,Programming Fundamentals,2/16/24,4.00
Thor Odinson,WEB 1000,Programming Fundamentals,2/20/24,4.00
Thor Odinson,WEB 1010,Backend Programming,2/21/24,4.00
Thor Odinson,WEB 1010,Backend Programming,2/22/24,3.00
Thor Odinson,WEB 1010,Backend Programming,2/23/24,0.00
Thor Odinson,WEB 1010,Backend Programming,2/26/24,4.00
Thor Odinson,WEB 1010,Backend Programming,2/27/24,0.00
Thor Odinson,WEB 1010,Backend Programming,2/28/24,4.00
Thor Odinson,WEB 1010,Backend Programming,2/29/24,4.00
Thor Odinson,WEB 1010,Backend Programming,3/1/24,4.00
Thor Odinson,WEB 1010,Backend Programming,3/4/24,4.00
Thor Odinson,WEB 1010,Backend Programming,3/5/24,3.00
Thor Odinson,WEB 1010,Backend Programming,3/6/24,4.00
Thor Odinson,WEB 1010,Backend Programming,3/7/24,4.00
Thor Odinson,WEB 1010,Backend Programming,3/8/24,4.00
Thor Odinson,WEB 1010,Backend Programming,3/18/24,0.00
Thor Odinson,WEB 1010,Backend Programming,3/19/24,4.00
Thor Odinson,WEB 1010,Backend Programming,3/20/24,0.00
Thor Odinson,WEB 1010,Backend Programming,3/21/24,0.00
Thor Odinson,WEB 1010,Backend Programming,3/22/24,0.00
Thor Odinson,WEB 1010,Backend Programming,3/25/24,4.00
Thor Odinson,WEB 1010,Backend Programming,3/26/24,4.00
Thor Odinson,WEB 1010,Backend Programming,3/27/24,4.00
Thor Odinson,WEB 1010,Backend Programming,3/28/24,4.00
Thor Odinson,WEB 1010,Backend Programming,4/2/24,4.00
Thor Odinson,WEB 1010,Backend Programming,4/3/24,4.00
Thor Odinson,WEB 1010,Backend Programming,4/4/24,4.00
Thor Odinson,WEB 1010,Backend Programming,4/5/24,4.00
Thor Odinson,WEB 1010,Backend Programming,4/8/24,4.00
Thor Odinson,WEB 1010,Backend Programming,4/9/24,0.00
Thor Odinson,WEB 1010,Backend Programming,4/10/24,4.00
Thor Odinson,WEB 1010,Backend Programming,4/11/24,4.00
Thor Odinson,WEB 1020,Introduction to Web Design,4/12/24,4.00
Thor Odinson,WEB 1020,Introduction to Web Design,4/15/24,4.00
Thor Odinson,WEB 1020,Introduction to Web Design,4/16/24,4.00
Thor Odinson,WEB 1020,Introduction to Web Design,4/17/24,4.00
Thor Odinson,WEB 1020,Introduction to Web Design,4/18/24,4.00
Thor Odinson,WEB 1020,Introduction to Web Design,4/19/24,4.00
Thor Odinson,WEB 1020,Introduction to Web Design,4/22/24,4.00
Thor Odinson,WEB 1020,Introduction to Web Design,4/23/24,2.00
Thor Odinson,WEB 1030,JavaScript and TypeScript,4/23/24,2.00
Thor Odinson,WEB 1030,JavaScript and TypeScript,4/24/24,4.00
Thor Odinson,WEB 1030,JavaScript and TypeScript,4/25/24,4.00
Thor Odinson,WEB 1030,JavaScript and TypeScript,4/26/24,4.00
Thor Odinson,WEB 1030,JavaScript and TypeScript,4/29/24,0.00
Thor Odinson,WEB 1030,JavaScript and TypeScript,4/30/24,0.00
Thor Odinson,WEB 1030,JavaScript and TypeScript,5/1/24,4.00
Thor Odinson,WEB 1030,JavaScript and TypeScript,5/2/24,4.00
Thor Odinson,WEB 1030,JavaScript and TypeScript,5/3/24,3.00
Thor Odinson,WEB 1030,JavaScript and TypeScript,5/6/24,0.00
Thor Odinson,WEB 1030,JavaScript and TypeScript,5/7/24,4.00
Thor Odinson,WEB 1030,JavaScript and TypeScript,5/8/24,4.00
Thor Odinson,WEB 1030,JavaScript and TypeScript,5/9/24,3.00
Thor Odinson,WEB 1030,JavaScript and TypeScript,5/10/24,4.00
Thor Odinson,WEB 1030,JavaScript and TypeScript,5/13/24,4.00
Thor Odinson,WEB 1030,JavaScript and TypeScript,5/14/24,4.00
Thor Odinson,WEB 1030,JavaScript and TypeScript,5/15/24,4.00
Thor Odinson,WEB 1030,JavaScript and TypeScript,5/16/24,0.00
Thor Odinson,WEB 1030,JavaScript and TypeScript,5/17/24,0.00
Thor Odinson,WEB 1030,JavaScript and TypeScript,5/20/24,4.00
Thor Odinson,WEB 1030,JavaScript and TypeScript,5/21/24,4.00
Thor Odinson,WEB 1030,JavaScript and TypeScript,5/22/24,4.00
Thor Odinson,WEB 1030,JavaScript and TypeScript,5/23/24,4.00
Thor Odinson,WEB 1040,Building Dynamic UI with React.js,5/24/24,0.00
Thor Odinson,WEB 1040,Building Dynamic UI with React.js,5/28/24,4.00
Thor Odinson,WEB 1040,Building Dynamic UI with React.js,5/29/24,4.00
Thor Odinson,WEB 1040,Building Dynamic UI with React.js,5/30/24,0.00
Thor Odinson,WEB 1040,Building Dynamic UI with React.js,5/31/24,0.00
Thor Odinson,WEB 1040,Building Dynamic UI with React.js,6/3/24,4.00
Thor Odinson,WEB 1040,Building Dynamic UI with React.js,6/4/24,4.00
Thor Odinson,WEB 1040,Building Dynamic UI with React.js,6/5/24,0.00
Thor Odinson,WEB 1040,Building Dynamic UI with React.js,6/6/24,4.00
Thor Odinson,WEB 1040,Building Dynamic UI with React.js,6/7/24,4.00
Thor Odinson,WEB 1040,Building Dynamic UI with React.js,6/10/24,0.00
Thor Odinson,WEB 1040,Building Dynamic UI with React.js,6/11/24,4.00
Thor Odinson,WEB 1040,Building Dynamic UI with React.js,6/12/24,4.00
Thor Odinson,WEB 1040,Building Dynamic UI with React.js,6/13/24,4.00
Thor Odinson,WEB 1040,Building Dynamic UI with React.js,6/14/24,4.00
Thor Odinson,WEB 1040,Building Dynamic UI with React.js,6/18/24,0.00
Thor Odinson,WEB 1040,Building Dynamic UI with React.js,6/19/24,4.00
Thor Odinson,WEB 1040,Building Dynamic UI with React.js,6/20/24,4.00
Thor Odinson,WEB 1040,Building Dynamic UI with React.js,6/21/24,0.00
Thor Odinson,WEB 1040,Building Dynamic UI with React.js,6/24/24,4.00
Thor Odinson,WEB 1040,Building Dynamic UI with React.js,6/25/24,0.00
Thor Odinson,WEB 1040,Building Dynamic UI with React.js,6/26/24,4.00
Thor Odinson,WEB 1040,Building Dynamic UI with React.js,6/27/24,4.00
Thor Odinson,WEB 1040,Building Dynamic UI with React.js,6/28/24,4.00
Thor Odinson,WEB 1040,Building Dynamic UI with React.js,7/1/24,4.00
Thor Odinson,WEB 1040,Building Dynamic UI with React.js,7/2/24,4.00
Thor Odinson,WEB 1040,Building Dynamic UI with React.js,7/3/24,4.00
Thor Odinson,WEB 1040,Building Dynamic UI with React.js,7/8/24,4.00
Thor Odinson,WEB 1040,Building Dynamic UI with React.js,7/9/24,4.00
Thor Odinson,WEB 1040,Building Dynamic UI with React.js,7/10/24,4.00
Thor Odinson,WEB 1050,Introduction to Databases,7/11/24,4.00
Thor Odinson,WEB 1050,Introduction to Databases,7/12/24,4.00
Thor Odinson,WEB 1050,Introduction to Databases,7/15/24,0.00
Thor Odinson,WEB 1050,Introduction to Databases,7/16/24,4.00
Thor Odinson,WEB 1050,Introduction to Databases,7/17/24,4.00
Thor Odinson,WEB 1050,Introduction to Databases,7/18/24,4.00
Thor Odinson,WEB 1050,Introduction to Databases,7/19/24,0.00
Thor Odinson,WEB 1050,Introduction to Databases,7/22/24,4.00
Thor Odinson,WEB 1050,Introduction to Databases,7/23/24,0.00
Thor Odinson,WEB 1050,Introduction to Databases,7/25/24,4.00
Thor Odinson,WEB 1050,Introduction to Databases,7/26/24,1.00
Thor Odinson,WEB 1050,Introduction to Databases,7/29/24,0.00
Thor Odinson,WEB 1050,Introduction to Databases,7/30/24,4.00
Thor Odinson,WEB 1050,Introduction to Databases,7/31/24,4.00
Thor Odinson,WEB 1050,Introduction to Databases,8/1/24,0.00
Thor Odinson,WEB 1060,Collaborative Development: Real-World Group Project,8/2/24,4.00
Thor Odinson,WEB 1060,Collaborative Development: Real-World Group Project,8/5/24,2.00
Thor Odinson,WEB 1060,Collaborative Development: Real-World Group Project,8/6/24,4.00
Thor Odinson,WEB 1060,Collaborative Development: Real-World Group Project,8/7/24,4.00
Thor Odinson,WEB 1060,Collaborative Development: Real-World Group Project,8/8/24,0.00
Thor Odinson,WEB 1060,Collaborative Development: Real-World Group Project,8/9/24,4.00
Thor Odinson,WEB 1060,Collaborative Development: Real-World Group Project,8/12/24,4.00
Tony Stark,WEB 1000,Programming Fundamentals,1/8/24,4.00
Tony Stark,WEB 1000,Programming Fundamentals,1/9/24,4.00
Tony Stark,WEB 1000,Programming Fundamentals,1/10/24,4.00
Tony Stark,WEB 1000,Programming Fundamentals,1/11/24,4.00
Tony Stark,WEB 1000,Programming Fundamentals,1/12/24,4.00
Tony Stark,WEB 1000,Programming Fundamentals,1/16/24,4.00
Tony Stark,WEB 1000,Programming Fundamentals,1/17/24,4.00
Tony Stark,WEB 1000,Programming Fundamentals,1/18/24,4.00
Tony Stark,WEB 1000,Programming Fundamentals,1/19/24,4.00
Tony Stark,WEB 1000,Programming Fundamentals,1/22/24,4.00
Tony Stark,WEB 1000,Programming Fundamentals,1/23/24,4.00
Tony Stark,WEB 1000,Programming Fundamentals,1/24/24,4.00
Tony Stark,WEB 1000,Programming Fundamentals,1/25/24,4.00
Tony Stark,WEB 1000,Programming Fundamentals,1/26/24,4.00
Tony Stark,WEB 1000,Programming Fundamentals,1/29/24,4.00
Tony Stark,WEB 1000,Programming Fundamentals,1/30/24,4.00
Tony Stark,WEB 1000,Programming Fundamentals,1/31/24,4.00
Tony Stark,WEB 1000,Programming Fundamentals,2/1/24,4.00
Tony Stark,WEB 1000,Programming Fundamentals,2/2/24,4.00
Tony Stark,WEB 1000,Programming Fundamentals,2/5/24,4.00
Tony Stark,WEB 1000,Programming Fundamentals,2/6/24,4.00
Tony Stark,WEB 1000,Programming Fundamentals,2/7/24,4.00
Tony Stark,WEB 1000,Programming Fundamentals,2/8/24,4.00
Tony Stark,WEB 1000,Programming Fundamentals,2/9/24,4.00
Tony Stark,WEB 1000,Programming Fundamentals,2/12/24,4.00
Tony Stark,WEB 1000,Programming Fundamentals,2/13/24,4.00
Tony Stark,WEB 1000,Programming Fundamentals,2/14/24,4.00
Tony Stark,WEB 1000,Programming Fundamentals,2/15/24,4.00
Tony Stark,WEB 1000,Programming Fundamentals,2/16/24,4.00
Tony Stark,WEB 1000,Programming Fundamentals,2/20/24,4.00
Tony Stark,WEB 1010,Backend Programming,2/21/24,4.00
Tony Stark,WEB 1010,Backend Programming,2/22/24,4.00
Tony Stark,WEB 1010,Backend Programming,2/23/24,4.00
Tony Stark,WEB 1010,Backend Programming,2/26/24,4.00
Tony Stark,WEB 1010,Backend Programming,2/27/24,0.00
Tony Stark,WEB 1010,Backend Programming,2/28/24,4.00
Tony Stark,WEB 1010,Backend Programming,2/29/24,4.00
Tony Stark,WEB 1010,Backend Programming,3/1/24,4.00
Tony Stark,WEB 1010,Backend Programming,3/4/24,4.00
Tony Stark,WEB 1010,Backend Programming,3/5/24,4.00
Tony Stark,WEB 1010,Backend Programming,3/6/24,4.00
Tony Stark,WEB 1010,Backend Programming,3/7/24,4.00
Tony Stark,WEB 1010,Backend Programming,3/8/24,4.00
Tony Stark,WEB 1010,Backend Programming,3/18/24,4.00
Tony Stark,WEB 1010,Backend Programming,3/19/24,4.00
Tony Stark,WEB 1010,Backend Programming,3/20/24,4.00
Tony Stark,WEB 1010,Backend Programming,3/21/24,4.00
Tony Stark,WEB 1010,Backend Programming,3/22/24,4.00
Tony Stark,WEB 1010,Backend Programming,3/25/24,4.00
Tony Stark,WEB 1010,Backend Programming,3/26/24,4.00
Tony Stark,WEB 1010,Backend Programming,3/27/24,1.00
Tony Stark,WEB 1010,Backend Programming,3/28/24,0.00
Tony Stark,WEB 1010,Backend Programming,4/2/24,4.00
Tony Stark,WEB 1010,Backend Programming,4/3/24,4.00
Tony Stark,WEB 1010,Backend Programming,4/4/24,4.00
Tony Stark,WEB 1010,Backend Programming,4/5/24,4.00
Tony Stark,WEB 1010,Backend Programming,4/8/24,4.00
Tony Stark,WEB 1010,Backend Programming,4/9/24,4.00
Tony Stark,WEB 1010,Backend Programming,4/10/24,4.00
Tony Stark,WEB 1010,Backend Programming,4/11/24,4.00
Tony Stark,WEB 1020,Introduction to Web Design,4/12/24,4.00
Tony Stark,WEB 1020,Introduction to Web Design,4/15/24,4.00
Tony Stark,WEB 1020,Introduction to Web Design,4/16/24,4.00
Tony Stark,WEB 1020,Introduction to Web Design,4/17/24,4.00
Tony Stark,WEB 1020,Introduction to Web Design,4/18/24,4.00
Tony Stark,WEB 1020,Introduction to Web Design,4/19/24,4.00
Tony Stark,WEB 1020,Introduction to Web Design,4/22/24,4.00
Tony Stark,WEB 1020,Introduction to Web Design,4/23/24,2.00
Tony Stark,WEB 1030,JavaScript and TypeScript,4/23/24,2.00
Tony Stark,WEB 1030,JavaScript and TypeScript,4/24/24,4.00
Tony Stark,WEB 1030,JavaScript and TypeScript,4/25/24,4.00
Tony Stark,WEB 1030,JavaScript and TypeScript,4/26/24,4.00
Tony Stark,WEB 1030,JavaScript and TypeScript,4/29/24,4.00
Tony Stark,WEB 1030,JavaScript and TypeScript,4/30/24,4.00
Tony Stark,WEB 1030,JavaScript and TypeScript,5/1/24,0.00
Tony Stark,WEB 1030,JavaScript and TypeScript,5/2/24,4.00
Tony Stark,WEB 1030,JavaScript and TypeScript,5/3/24,4.00
Tony Stark,WEB 1030,JavaScript and TypeScript,5/6/24,4.00
Tony Stark,WEB 1030,JavaScript and TypeScript,5/7/24,4.00
Tony Stark,WEB 1030,JavaScript and TypeScript,5/8/24,4.00
Tony Stark,WEB 1030,JavaScript and TypeScript,5/9/24,4.00
Tony Stark,WEB 1030,JavaScript and TypeScript,5/10/24,4.00
Tony Stark,WEB 1030,JavaScript and TypeScript,5/13/24,4.00
Tony Stark,WEB 1030,JavaScript and TypeScript,5/14/24,4.00
Tony Stark,WEB 1030,JavaScript and TypeScript,5/15/24,4.00
Tony Stark,WEB 1030,JavaScript and TypeScript,5/16/24,4.00
Tony Stark,WEB 1030,JavaScript and TypeScript,5/17/24,4.00
Tony Stark,WEB 1030,JavaScript and TypeScript,5/20/24,4.00
Tony Stark,WEB 1030,JavaScript and TypeScript,5/21/24,4.00
Tony Stark,WEB 1030,JavaScript and TypeScript,5/22/24,4.00
Tony Stark,WEB 1030,JavaScript and TypeScript,5/23/24,4.00
Tony Stark,WEB 1040,Building Dynamic UI with React.js,5/24/24,4.00
Tony Stark,WEB 1040,Building Dynamic UI with React.js,5/28/24,3.00
Tony Stark,WEB 1040,Building Dynamic UI with React.js,5/29/24,0.00
Tony Stark,WEB 1040,Building Dynamic UI with React.js,5/30/24,4.00
Tony Stark,WEB 1040,Building Dynamic UI with React.js,5/31/24,4.00
Tony Stark,WEB 1040,Building Dynamic UI with React.js,6/3/24,4.00
Tony Stark,WEB 1040,Building Dynamic UI with React.js,6/4/24,4.00
Tony Stark,WEB 1040,Building Dynamic UI with React.js,6/5/24,4.00
Tony Stark,WEB 1040,Building Dynamic UI with React.js,6/6/24,4.00
Tony Stark,WEB 1040,Building Dynamic UI with React.js,6/7/24,4.00
Tony Stark,WEB 1040,Building Dynamic UI with React.js,6/10/24,4.00
Tony Stark,WEB 1040,Building Dynamic UI with React.js,6/11/24,4.00
Tony Stark,WEB 1040,Building Dynamic UI with React.js,6/12/24,4.00
Tony Stark,WEB 1040,Building Dynamic UI with React.js,6/13/24,4.00
Tony Stark,WEB 1040,Building Dynamic UI with React.js,6/14/24,4.00
Tony Stark,WEB 1040,Building Dynamic UI with React.js,6/18/24,4.00
Tony Stark,WEB 1040,Building Dynamic UI with React.js,6/19/24,4.00
Tony Stark,WEB 1040,Building Dynamic UI with React.js,6/20/24,2.00
Tony Stark,WEB 1040,Building Dynamic UI with React.js,6/21/24,4.00
Tony Stark,WEB 1040,Building Dynamic UI with React.js,6/24/24,4.00
Tony Stark,WEB 1040,Building Dynamic UI with React.js,6/25/24,4.00
Tony Stark,WEB 1040,Building Dynamic UI with React.js,6/26/24,4.00
Tony Stark,WEB 1040,Building Dynamic UI with React.js,6/27/24,4.00
Tony Stark,WEB 1040,Building Dynamic UI with React.js,6/28/24,4.00
Tony Stark,WEB 1040,Building Dynamic UI with React.js,7/1/24,4.00
Tony Stark,WEB 1040,Building Dynamic UI with React.js,7/2/24,4.00
Tony Stark,WEB 1040,Building Dynamic UI with React.js,7/3/24,0.00
Tony Stark,WEB 1040,Building Dynamic UI with React.js,7/8/24,4.00
Tony Stark,WEB 1040,Building Dynamic UI with React.js,7/9/24,4.00
Tony Stark,WEB 1040,Building Dynamic UI with React.js,7/10/24,4.00
Tony Stark,WEB 1050,Introduction to Databases,7/11/24,4.00
Tony Stark,WEB 1050,Introduction to Databases,7/12/24,4.00
Tony Stark,WEB 1050,Introduction to Databases,7/15/24,1.00
Tony Stark,WEB 1050,Introduction to Databases,7/16/24,4.00
Tony Stark,WEB 1050,Introduction to Databases,7/17/24,4.00
Tony Stark,WEB 1050,Introduction to Databases,7/18/24,4.00
Tony Stark,WEB 1050,Introduction to Databases,7/19/24,4.00
Tony Stark,WEB 1050,Introduction to Databases,7/22/24,4.00
Tony Stark,WEB 1050,Introduction to Databases,7/23/24,4.00
Tony Stark,WEB 1050,Introduction to Databases,7/25/24,4.00
Tony Stark,WEB 1050,Introduction to Databases,7/26/24,4.00
Tony Stark,WEB 1050,Introduction to Databases,7/29/24,0.00
Tony Stark,WEB 1050,Introduction to Databases,7/30/24,0.00
Natasha Romanov,WEB 1000,Programming Fundamentals,1/8/24,4.00
Natasha Romanov,WEB 1000,Programming Fundamentals,1/9/24,4.00
Natasha Romanov,WEB 1000,Programming Fundamentals,1/10/24,4.00
Natasha Romanov,WEB 1000,Programming Fundamentals,1/11/24,4.00
Natasha Romanov,WEB 1000,Programming Fundamentals,1/12/24,4.00
Natasha Romanov,WEB 1000,Programming Fundamentals,1/16/24,4.00
Natasha Romanov,WEB 1000,Programming Fundamentals,1/17/24,4.00
Natasha Romanov,WEB 1000,Programming Fundamentals,1/18/24,4.00
Natasha Romanov,WEB 1000,Programming Fundamentals,1/19/24,4.00
Natasha Romanov,WEB 1000,Programming Fundamentals,1/22/24,4.00
Natasha Romanov,WEB 1000,Programming Fundamentals,1/23/24,4.00
Natasha Romanov,WEB 1000,Programming Fundamentals,1/24/24,4.00
Natasha Romanov,WEB 1000,Programming Fundamentals,1/25/24,4.00
Natasha Romanov,WEB 1000,Programming Fundamentals,1/26/24,3.00
Natasha Romanov,WEB 1000,Programming Fundamentals,1/29/24,4.00
Natasha Romanov,WEB 1000,Programming Fundamentals,1/30/24,4.00
Natasha Romanov,WEB 1000,Programming Fundamentals,1/31/24,4.00
Natasha Romanov,WEB 1000,Programming Fundamentals,2/1/24,4.00
Natasha Romanov,WEB 1000,Programming Fundamentals,2/2/24,3.00
Natasha Romanov,WEB 1000,Programming Fundamentals,2/5/24,4.00
Natasha Romanov,WEB 1000,Programming Fundamentals,2/6/24,4.00
Natasha Romanov,WEB 1000,Programming Fundamentals,2/7/24,4.00
Natasha Romanov,WEB 1000,Programming Fundamentals,2/8/24,4.00
Natasha Romanov,WEB 1000,Programming Fundamentals,2/9/24,4.00
Natasha Romanov,WEB 1000,Programming Fundamentals,2/12/24,4.00
Natasha Romanov,WEB 1000,Programming Fundamentals,2/13/24,4.00
Natasha Romanov,WEB 1000,Programming Fundamentals,2/14/24,4.00
Natasha Romanov,WEB 1000,Programming Fundamentals,2/15/24,4.00
Natasha Romanov,WEB 1000,Programming Fundamentals,2/16/24,4.00
Natasha Romanov,WEB 1000,Programming Fundamentals,2/20/24,4.00
Natasha Romanov,WEB 1010,Backend Programming,2/21/24,4.00
Natasha Romanov,WEB 1010,Backend Programming,2/22/24,4.00
Natasha Romanov,WEB 1010,Backend Programming,2/23/24,4.00
Natasha Romanov,WEB 1010,Backend Programming,2/26/24,4.00
Natasha Romanov,WEB 1010,Backend Programming,2/27/24,4.00
Natasha Romanov,WEB 1010,Backend Programming,2/28/24,4.00
Natasha Romanov,WEB 1010,Backend Programming,2/29/24,4.00
Natasha Romanov,WEB 1010,Backend Programming,3/1/24,3.00
Natasha Romanov,WEB 1010,Backend Programming,3/4/24,4.00
Natasha Romanov,WEB 1010,Backend Programming,3/5/24,4.00
Natasha Romanov,WEB 1010,Backend Programming,3/6/24,4.00
Natasha Romanov,WEB 1010,Backend Programming,3/7/24,4.00
Natasha Romanov,WEB 1010,Backend Programming,3/8/24,4.00
Natasha Romanov,WEB 1010,Backend Programming,3/18/24,4.00
Natasha Romanov,WEB 1010,Backend Programming,3/19/24,4.00
Natasha Romanov,WEB 1010,Backend Programming,3/20/24,4.00
Natasha Romanov,WEB 1010,Backend Programming,3/21/24,4.00
Natasha Romanov,WEB 1010,Backend Programming,3/22/24,4.00
Natasha Romanov,WEB 1010,Backend Programming,3/25/24,4.00
Natasha Romanov,WEB 1010,Backend Programming,3/26/24,4.00
Natasha Romanov,WEB 1010,Backend Programming,3/27/24,4.00
Natasha Romanov,WEB 1010,Backend Programming,3/28/24,4.00
Natasha Romanov,WEB 1010,Backend Programming,4/2/24,4.00
Natasha Romanov,WEB 1010,Backend Programming,4/3/24,4.00
Natasha Romanov,WEB 1010,Backend Programming,4/4/24,4.00
Natasha Romanov,WEB 1010,Backend Programming,4/5/24,4.00
Natasha Romanov,WEB 1010,Backend Programming,4/8/24,4.00
Natasha Romanov,WEB 1010,Backend Programming,4/9/24,4.00
Natasha Romanov,WEB 1010,Backend Programming,4/10/24,4.00
Natasha Romanov,WEB 1010,Backend Programming,4/11/24,4.00
Natasha Romanov,WEB 1020,Introduction to Web Design,4/12/24,4.00
Natasha Romanov,WEB 1020,Introduction to Web Design,4/15/24,4.00
Natasha Romanov,WEB 1020,Introduction to Web Design,4/16/24,4.00
Natasha Romanov,WEB 1020,Introduction to Web Design,4/17/24,4.00
Natasha Romanov,WEB 1020,Introduction to Web Design,4/18/24,4.00
Natasha Romanov,WEB 1020,Introduction to Web Design,4/19/24,0.00
Natasha Romanov,WEB 1020,Introduction to Web Design,4/22/24,4.00
Natasha Romanov,WEB 1020,Introduction to Web Design,4/23/24,2.00
Natasha Romanov,WEB 1030,JavaScript and TypeScript,4/23/24,2.00
Natasha Romanov,WEB 1030,JavaScript and TypeScript,4/24/24,4.00
Natasha Romanov,WEB 1030,JavaScript and TypeScript,4/25/24,4.00
Natasha Romanov,WEB 1030,JavaScript and TypeScript,4/26/24,4.00
Natasha Romanov,WEB 1030,JavaScript and TypeScript,4/29/24,4.00
Natasha Romanov,WEB 1030,JavaScript and TypeScript,4/30/24,4.00
Natasha Romanov,WEB 1030,JavaScript and TypeScript,5/1/24,4.00
Natasha Romanov,WEB 1030,JavaScript and TypeScript,5/2/24,4.00
Natasha Romanov,WEB 1030,JavaScript and TypeScript,5/3/24,4.00
Natasha Romanov,WEB 1030,JavaScript and TypeScript,5/6/24,4.00
Natasha Romanov,WEB 1030,JavaScript and TypeScript,5/7/24,2.00
Natasha Romanov,WEB 1030,JavaScript and TypeScript,5/8/24,4.00
Natasha Romanov,WEB 1030,JavaScript and TypeScript,5/9/24,4.00
Natasha Romanov,WEB 1030,JavaScript and TypeScript,5/10/24,3.00
Natasha Romanov,WEB 1030,JavaScript and TypeScript,5/13/24,2.00
Natasha Romanov,WEB 1030,JavaScript and TypeScript,5/14/24,4.00
Natasha Romanov,WEB 1030,JavaScript and TypeScript,5/15/24,4.00
Natasha Romanov,WEB 1030,JavaScript and TypeScript,5/16/24,4.00
Natasha Romanov,WEB 1030,JavaScript and TypeScript,5/17/24,4.00
Natasha Romanov,WEB 1030,JavaScript and TypeScript,5/20/24,4.00
Natasha Romanov,WEB 1030,JavaScript and TypeScript,5/21/24,4.00
Natasha Romanov,WEB 1030,JavaScript and TypeScript,5/22/24,4.00
Natasha Romanov,WEB 1030,JavaScript and TypeScript,5/23/24,4.00
Natasha Romanov,WEB 1040,Building Dynamic UI with React.js,5/24/24,4.00
Natasha Romanov,WEB 1040,Building Dynamic UI with React.js,5/28/24,4.00
Natasha Romanov,WEB 1040,Building Dynamic UI with React.js,5/29/24,4.00
Natasha Romanov,WEB 1040,Building Dynamic UI with React.js,5/30/24,4.00
Natasha Romanov,WEB 1040,Building Dynamic UI with React.js,5/31/24,4.00
Natasha Romanov,WEB 1040,Building Dynamic UI with React.js,6/3/24,4.00
Natasha Romanov,WEB 1040,Building Dynamic UI with React.js,6/4/24,4.00
Natasha Romanov,WEB 1040,Building Dynamic UI with React.js,6/5/24,4.00
Natasha Romanov,WEB 1040,Building Dynamic UI with React.js,6/6/24,4.00
Natasha Romanov,WEB 1040,Building Dynamic UI with React.js,6/7/24,4.00
Natasha Romanov,WEB 1040,Building Dynamic UI with React.js,6/10/24,4.00
Natasha Romanov,WEB 1040,Building Dynamic UI with React.js,6/11/24,4.00
Natasha Romanov,WEB 1040,Building Dynamic UI with React.js,6/12/24,0.00
Natasha Romanov,WEB 1040,Building Dynamic UI with React.js,6/13/24,4.00
Natasha Romanov,WEB 1040,Building Dynamic UI with React.js,6/14/24,0.00
Natasha Romanov,WEB 1040,Building Dynamic UI with React.js,6/18/24,0.00
Natasha Romanov,WEB 1040,Building Dynamic UI with React.js,6/19/24,4.00
Natasha Romanov,WEB 1040,Building Dynamic UI with React.js,6/20/24,4.00
Natasha Romanov,WEB 1040,Building Dynamic UI with React.js,6/21/24,4.00
Natasha Romanov,WEB 1040,Building Dynamic UI with React.js,6/24/24,4.00
Natasha Romanov,WEB 1040,Building Dynamic UI with React.js,6/25/24,4.00
Natasha Romanov,WEB 1040,Building Dynamic UI with React.js,6/26/24,4.00
Natasha Romanov,WEB 1040,Building Dynamic UI with React.js,6/27/24,3.00
Natasha Romanov,WEB 1040,Building Dynamic UI with React.js,6/28/24,4.00
Natasha Romanov,WEB 1040,Building Dynamic UI with React.js,7/1/24,4.00
Natasha Romanov,WEB 1040,Building Dynamic UI with React.js,7/2/24,4.00
Natasha Romanov,WEB 1040,Building Dynamic UI with React.js,7/3/24,0.00
Natasha Romanov,WEB 1040,Building Dynamic UI with React.js,7/8/24,4.00
Natasha Romanov,WEB 1040,Building Dynamic UI with React.js,7/9/24,4.00
Natasha Romanov,WEB 1040,Building Dynamic UI with React.js,7/10/24,4.00
Natasha Romanov,WEB 1050,Introduction to Databases,7/11/24,0.00
Natasha Romanov,WEB 1050,Introduction to Databases,7/12/24,4.00
Natasha Romanov,WEB 1050,Introduction to Databases,7/15/24,1.00
Natasha Romanov,WEB 1050,Introduction to Databases,7/16/24,4.00
Natasha Romanov,WEB 1050,Introduction to Databases,7/17/24,4.00
Natasha Romanov,WEB 1050,Introduction to Databases,7/18/24,4.00
Natasha Romanov,WEB 1050,Introduction to Databases,7/19/24,0.00
Natasha Romanov,WEB 1050,Introduction to Databases,7/22/24,0.00
Natasha Romanov,WEB 1050,Introduction to Databases,7/23/24,4.00
Natasha Romanov,WEB 1050,Introduction to Databases,7/25/24,4.00
Natasha Romanov,WEB 1050,Introduction to Databases,7/26/24,4.00
Natasha Romanov,WEB 1050,Introduction to Databases,7/29/24,4.00
Natasha Romanov,WEB 1050,Introduction to Databases,7/30/24,2.00
Natasha Romanov,WEB 1050,Introduction to Databases,7/31/24,0.00
Natasha Romanov,WEB 1050,Introduction to Databases,8/1/24,4.00
Natasha Romanov,WEB 1060,Collaborative Development: Real-World Group Project,8/2/24,4.00
Natasha Romanov,WEB 1060,Collaborative Development: Real-World Group Project,8/5/24,4.00
Natasha Romanov,WEB 1060,Collaborative Development: Real-World Group Project,8/6/24,4.00
Natasha Romanov,WEB 1060,Collaborative Development: Real-World Group Project,8/7/24,0.00
Natasha Romanov,WEB 1060,Collaborative Development: Real-World Group Project,8/8/24,0.00
Natasha Romanov,WEB 1060,Collaborative Development: Real-World Group Project,8/9/24,4.00
Natasha Romanov,WEB 1060,Collaborative Development: Real-World Group Project,8/12/24,4.00